{"NumberOfChannels": 4, "SamplingRate": 500.0, "Filter": "Kalman", "Prefilter": 1, "CentralFrequency": 9.6, "Q0": 3.0614768967832146e-07, "Q1": 2.8698601228995738e-06, "Q": 0.0001, "R": 1.0, "SpatialFilter": [-1.8012716186293103, 1.3309597113133467, -1.8853163494496972, 2.3922861410068785]}